score_commute,score_cost_of_living,score_economy,score_education,score_environmental_quality,score_healthcare,score_housing,score_internet_access,score_leisure_&_culture,score_outdoors,score_safety,score_startups,score_taxation,name,population,_id
5.05575,6.059,6.5145,4.151999999999999,7.3195,8.508666666666665,7.2620000000000005,5.396000000000001,4.890000000000001,3.5155,1.3435,3.7720000000000002,4.346,"Albuquerque, NM",559121.0,5dc9f97b2a65b6af02024ae7
4.715249999999999,3.141,6.5145,3.6245,9.272000000000002,8.632666666666665,5.433500000000001,4.9645,3.2660000000000005,5.3580000000000005,3.4704999999999995,2.7945,4.772,"Anchorage, AK",298695.0,5dc9f97b2a65b6af02024aee
3.8977500000000003,5.241,6.5145,6.456999999999999,5.817749999999999,8.533999999999999,4.9755,6.4805,7.765499999999999,5.0095,2.6725,8.835,4.204,"Atlanta, GA",463878.0,5dc9f97b2a65b6af02024af8
3.3420573997679166,4.249994797709968,6.09800428877742,5.758473792035863,4.821010165428592,8.173302999851703,3.9042529359643545,5.488058796200747,7.554638705792189,4.18440291241692,1.5745066606042883,8.067133709997202,3.187278110759596,"Athens, GA",116714.0,5dc9f97b2a65b6af02024af9
3.680636015305513,4.945024166894197,5.979152681984794,6.064209562425257,4.811284898201711,7.5875762264838436,4.213336462107753,6.110955999419724,7.273119539887139,3.9185331304027926,1.52044882319655,7.912345092855313,3.5817382716154387,"Sandy Springs, GA",105330.0,5dc9f97b2a65b6af02024afa
3.1869489801616266,4.686457138013482,5.805503954981037,6.102224482650501,5.547704923593413,7.476050870534455,3.7755203812410234,5.534423263177336,7.155197978334028,4.450203085583816,1.7842456071941002,7.7470547504979255,3.609890783982022,"Roswell, GA",94501.0,5dc9f97b2a65b6af02024afb
4.3305,5.3549999999999995,6.5145,5.315000000000001,7.03075,8.686666666666666,4.3345,9.049,6.6979999999999995,3.9090000000000003,5.069,9.236,4.772,"Austin, TX",931830.0,5dc9f97b2a65b6af02024ba7
3.2410672307175457,5.0860600058040815,5.396092481865985,4.5147987559055744,5.8662704542138595,7.905971990448359,3.1811828175624868,8.13472156093895,5.620690270603192,3.5723726354057797,4.407147017447859,8.815101357700424,4.245061730686626,"Round Rock, TX",115997.0,5dc9f97b2a65b6af02024ba8
4.93475,4.982,6.5145,5.8805,5.784500000000001,8.944666666666665,4.829999999999999,4.988,0.0,3.9795,2.373,0.0,4.062,"Baltimore, MD",621849.0,5dc9f97b2a65b6af02024bd1
4.685376878297939,4.665844502462266,5.885918384545233,5.427522398207257,5.552719969804802,8.379862619927117,4.091715571950251,4.33654436191198,-1.1190689574385475,3.126925345950237,1.6429470312998333,-0.9697928413943642,3.0969344993831363,"Columbia, MD",99615.0,5dc9f97b2a65b6af02024bd2
2.02075,5.133,6.5145,3.6245,7.0375,8.743333333333332,6.5555,5.1605,5.3835,1.2660000000000002,1.776,4.3575,4.204,"Birmingham, AL",212461.0,5dc9f97b2a65b6af02024c06
5.2250000000000005,6.578,6.5145,3.6245,8.069500000000001,8.881,6.9635,3.442,4.1995,5.221,4.3605,4.205,4.062,"Boise, ID",145987.0,5dc9f97b2a65b6af02024c26
4.39625,4.259,6.5145,8.6245,8.1705,8.956,1.0,5.700500000000001,8.564,5.659999999999999,7.742000000000001,9.565000000000001,4.062,"Boston, MA",667137.0,5dc9f97b2a65b6af02024c2f
4.15726817670383,3.6537297481066213,5.448885878040187,7.927796518168984,7.062863205003798,7.982830364608882,0.42003646378850923,4.714712823808201,8.110198384966022,4.6312451725343955,7.084431853444265,9.136610244963903,3.8477880754124945,"South Boston, MA",571281.0,5dc9f97b2a65b6af02024c30
4.156345505387052,3.7291609196806084,5.497205512267126,8.01547145624045,7.257306661590169,8.235258143825197,0.5627423796765694,5.240546505876774,7.408743224712073,4.77418715845643,6.964675679677102,9.04804032650469,3.6442770093409607,"Worcester, MA",184815.0,5dc9f97b2a65b6af02024c31
3.278178605610766,3.540305604316214,6.1556236999505325,8.201943816980952,7.895373871631085,8.394569760276147,0.12044503425452069,4.571861570777676,8.358306543743398,5.116455632075049,6.992750658454897,9.076813577069688,3.568175466979769,"Lowell, MA",110699.0,5dc9f97b2a65b6af02024c32
4.195476166337161,3.902594051334076,5.936797749286466,7.893107975182627,7.263254175675292,8.595127448955786,0.3466537700421719,4.5351972957478335,7.988767030776011,4.835517325166322,6.726976856132239,8.910539546105085,3.0055499359036406,"Cambridge, MA",110402.0,5dc9f97b2a65b6af02024c33
3.9388740741766504,3.9311014750649353,5.806913645002837,7.702798298544696,7.939518171442379,7.933821977605898,0.6924278492993976,4.519358751583013,7.494085555933774,5.401048213171002,6.556714579237814,9.350480765022036,3.3643880524308356,"Brockton, MA",95314.0,5dc9f97b2a65b6af02024c34
3.9302997198674907,3.7128129693165333,5.836959224657116,7.952274845207415,7.714551251466159,8.629439974797044,0.2583741258285095,5.137281920583575,8.28543365939965,4.502123514465389,6.690889765826663,8.784861596985808,2.8911710313927736,"Quincy, MA",93618.0,5dc9f97b2a65b6af02024c35
6.138000000000002,4.531,6.5145,4.679,9.84375,8.891666666666666,3.704,6.2780000000000005,2.5649999999999995,6.699,7.0735,5.853000000000001,4.346,"Boulder, CO",107349.0,5dc9f97b2a65b6af02024ced
2.154,5.228000000000001,6.5145,4.212,8.329249999999998,8.498,7.0765,6.757999999999999,4.32,4.6465,7.1884999999999994,3.9470000000000005,3.9205,"Buffalo, NY",258071.0,5dc9f97b2a65b6af02024cf3
1.6335477451321967,4.577608188415717,5.681141750540049,3.229802897021761,7.280866456104605,7.578110877679561,6.830606555322424,6.289781333923045,3.2953949894675385,3.83259563504759,6.635758973303094,2.8483111389185076,3.1958970908449147,"Amherst, NY",122366.0,5dc9f97b2a65b6af02024cf4
4.62075,3.567,6.5145,3.6245,7.276,8.914333333333332,4.6370000000000005,6.093,6.595000000000001,5.0095,5.0555,4.92,4.062,"Charleston, SC",132609.0,5dc9f97b2a65b6af02024cfd
4.229258527527594,2.728048523215061,6.229104121604001,2.9650352064082144,6.768544275418439,7.724116183140628,4.039787695911979,4.961196586404081,6.308908242531031,3.96185314247803,4.272719636327624,3.871761623204544,3.74951474954481,"North Charleston, SC",108304.0,5dc9f97b2a65b6af02024cfe
4.134,4.987,6.5145,3.6245,8.009249999999998,8.811333333333334,5.549,6.3870000000000005,5.606,1.3114999999999999,5.347499999999999,6.247999999999999,4.062,"Charlotte, NC",827097.0,5dc9f97b2a65b6af02024d07
0.7969999999999999,6.121,6.5145,3.6245,7.1515,8.458,6.782,8.365,4.1625,3.908,4.468,3.9094999999999995,4.772,"Chattanooga, TN",176588.0,5dc9f97b2a65b6af02024d10
-0.31054677076037085,5.211863128313812,6.193431712522348,2.953010740054205,6.691806212804536,8.107906140680155,5.9576216508386235,7.4685833094696665,3.320643489166512,3.6234170044586675,4.082291687985276,2.975608435520657,4.384673036527565,"East Chattanooga, TN",154024.0,5dc9f97b2a65b6af02024d11
4.57975,4.766000000000001,6.5145,7.999,6.8045,8.555,3.7020000000000004,6.599499999999999,8.193,5.4155,3.8320000000000003,9.513,4.062,"Chicago, IL",2720546.0,5dc9f97b2a65b6af02024d1f
3.3975867110913587,3.7540919260323102,6.143702509080895,7.431872873334232,6.269466189390357,7.8783578281167,3.1325454755605096,5.961413403207599,7.336221380878061,4.325994734463755,3.45046361501706,9.136207268517872,3.0843098326541885,"Aurora, IL",200661.0,5dc9f97b2a65b6af02024d20
3.9297654071209744,4.412205733859048,5.544514315374837,6.956095714199037,5.64382225342192,8.211750517611401,2.8736517087471416,5.609275089064782,7.1818338771905985,5.147539935837563,3.5800111109531363,8.956042669922319,3.3749020295591072,"Joliet, IL",147861.0,5dc9f97b2a65b6af02024d21
3.590104540137842,4.273099276661201,5.9699753453569215,7.513606714117563,5.75605254298268,8.156814174294631,2.711490389353889,5.867766223624394,7.720617660256591,4.6703049753819315,3.153044676964531,9.022390499372598,3.0650509664381977,"Naperville, IL",147100.0,5dc9f97b2a65b6af02024d22
4.0588413479243455,4.385103756783411,5.5428076772101305,6.991810328554248,5.699363400237489,7.7124491597905624,3.1164723620986434,5.567329165252051,7.918526860161527,4.853552955418339,2.9702938952249047,8.548540880791858,3.2304848091594818,"Elgin, IL",112111.0,5dc9f97b2a65b6af02024d23
4.743500000000001,6.1080000000000005,6.5145,4.2805,7.1095,8.637999999999998,6.6775,6.512000000000001,6.118000000000001,3.6075,4.975,6.0995,3.9205,"Cincinnati, OH",296943.0,5dc9f97b2a65b6af02024e4e
4.42125,5.595,6.5145,4.6185,7.2505,8.899000000000001,7.155999999999999,5.476500000000001,5.696500000000001,4.669,3.6369999999999996,4.961,3.9205,"Cleveland, OH",388072.0,5dc9f97b2a65b6af02024ec0
1.7352500000000004,5.375,6.5145,3.6245,8.526500000000002,8.393666666666666,6.4995,5.9225,3.8120000000000003,7.356499999999999,5.3774999999999995,4.267,4.346,"Colorado Springs, CO",456568.0,5dc9f97b2a65b6af02024f10
5.02675,5.746000000000001,6.5145,5.047499999999999,8.166,8.688999999999998,6.2895,4.5535,6.465999999999999,4.544999999999999,5.2815,5.878500000000001,3.9205,"Columbus, OH",850106.0,5dc9f97b2a65b6af02024f18
4.4704999999999995,6.090999999999999,6.5145,4.284,6.693,8.439333333333332,5.259000000000001,6.4609999999999985,7.1685,4.501999999999999,4.3389999999999995,7.939500000000001,4.772,"Dallas, TX",1300092.0,5dc9f97b2a65b6af02024f50
4.231650691303998,5.019303655313644,5.8496835293203215,3.174764511803958,6.070391474624962,7.627793469307554,4.525035194926166,6.251302754213625,6.898083346821418,3.9460954900683203,3.857230874390589,7.013005772302901,3.6800975065010237,"Fort Worth, TX",833319.0,5dc9f97b2a65b6af02024f51
3.4057619688559697,4.984884846819579,5.725579764566273,3.9271162622117712,5.991966078648293,7.507085424792726,4.347694940795945,5.950512550949602,6.159392296557219,3.5385093462124333,3.5019100474120464,7.4063298156895625,3.6326720902442196,"Arlington, TX",388125.0,5dc9f97b2a65b6af02024f52
3.75735087333078,5.3643522227336025,5.728402477475931,3.545100079464814,5.627597537916696,8.229484459669864,4.353023879545365,5.361464774673422,6.351452207745789,4.1818533313514115,3.6409042682775725,7.275892596810552,4.214920135910586,"Plano, TX",283558.0,5dc9f97b2a65b6af02024f53
3.3596786285919222,5.6649652549325555,5.4849184521088326,3.901977092109298,6.282714034038052,8.091286944044056,4.923550684045801,5.5041509126064625,6.38744828382837,3.5898716542768994,3.5762189189833373,7.571542281380559,4.49614793695071,"Garland, TX",236897.0,5dc9f97b2a65b6af02024f54
3.8486877742322445,4.9969938516506325,5.33464322206129,3.4852755047763555,5.7408656705580565,7.7209608266787795,4.703844132511974,5.664260599418995,6.272129029885417,4.184180967251182,3.5050077525252172,7.251983378300009,4.246936727863093,"Irving, TX",236607.0,5dc9f97b2a65b6af02024f55
4.204829791285196,5.826589861449125,5.6333419828250415,4.06499626285969,6.189424645920003,7.9630597115475235,4.310655518428178,5.63401397805885,5.986086141837298,3.6682112552226034,3.830196879319959,7.059830620385583,3.869300503239889,"Grand Prairie, TX",187809.0,5dc9f97b2a65b6af02024f56
3.820525875416905,5.363899277906039,5.359207768394923,3.1138188712897215,6.216584493250439,7.779932263639029,4.170806432463865,5.464702471402309,6.624322390435994,3.55368048882423,3.7585373773123782,7.506302577556466,3.858148014958306,"McKinney, TX",162898.0,5dc9f97b2a65b6af02024f57
3.363874046704529,5.270224942863372,5.483318759665241,3.5731622841935513,5.756348726356511,7.944056704468264,4.47861196830288,5.712107432620338,6.23771404032672,4.133088744360389,4.072925051237305,6.886314414703058,3.9704990884230007,"Frisco, TX",154407.0,5dc9f97b2a65b6af02024f58
3.6384652890909153,5.165291711114766,6.282153971991154,3.5159194336438815,5.886131535338423,7.356746358325264,4.183879141100594,5.888561270582072,6.45944949770294,3.71203618199711,3.5378584465528626,7.7078315075136326,4.4772673258741325,"Mesquite, TX",144788.0,5dc9f97b2a65b6af02024f59
3.3718461332235083,5.001505341858559,5.565881395687718,3.2713128681273935,5.76900570451479,7.413571243986199,4.906243612040767,5.7841476434743875,6.169739541403894,3.599983118147231,3.4395135744138106,7.705100517143759,3.7987258970215425,"Carrollton, TX",133168.0,5dc9f97b2a65b6af02024f5a
3.5588916445731247,5.679749772807837,5.37756993309624,3.2969934183490133,6.212556568543871,8.022745185261215,4.817568597356838,5.426217747738348,6.594582082728049,3.43891244177412,3.9511892008765646,7.550231823989933,3.6637893760886704,"Denton, TX",131044.0,5dc9f97b2a65b6af02024f5b
3.72247479637911,5.809018063479335,5.932243485649628,3.4404886584323218,6.32601111697143,7.543795537071334,4.819736849577607,5.355779774584594,6.3003514057013295,3.8727446031556036,3.2995958262632015,7.207892521179481,3.843268699602639,"Richardson, TX",110815.0,5dc9f97b2a65b6af02024f5c
3.54005841138867,5.595518676777431,5.658952346944746,3.4075681787190333,6.49187824462748,8.006226933613991,4.6468594119916276,6.165047618871704,6.208592443051592,3.9992139289259514,3.7529106267912864,7.248172479481226,3.8480876526867585,"Lewisville, TX",104039.0,5dc9f97b2a65b6af02024f5d
3.3157238762479118,5.361300439233545,5.7867473654710935,3.7248008475511885,6.005719563181978,7.868452416674091,4.0834010290511085,5.8865050435590085,6.555149163701497,3.471946954728436,3.3938645540709196,7.713281860055648,4.372029061509189,"Allen, TX",98143.0,5dc9f97b2a65b6af02024f5e
4.530000000000001,5.102,6.5145,3.6245,7.11675,8.615666666666666,3.8375,5.418500000000001,6.2235,7.932999999999999,5.371,7.8645,4.346,"Denver, CO",682545.0,5dc9f97b2a65b6af02024ffb
4.047960827382055,4.089361710876279,6.066716861588408,2.586063844878341,6.3174821854508,7.909540280460763,2.8720948891050098,4.7580001029249415,5.8719353005497,7.646189162139422,4.231897064064242,7.5677036933472035,3.9178592445860874,"Aurora, CO",359407.0,5dc9f97b2a65b6af02024ffc
3.5789787046638866,4.099466927915148,6.241404617632889,2.4638787106528834,5.955588311415,8.251461633130402,2.9700405481417604,5.125388243656043,5.550520840488477,7.148688881325002,4.623769379268498,7.135927583230107,3.1886109629161536,"Lakewood, CO",152597.0,5dc9f97b2a65b6af02024ffd
3.7285960258314317,4.037620693803706,5.849608813382263,2.748139569483839,6.48453004431944,8.140952405601093,3.115300874950201,4.773552118470759,6.00048809921688,6.848653463972257,4.303636414161406,6.872883422174281,4.099824621918977,"Thornton, CO",133451.0,5dc9f97b2a65b6af02024ffe
3.7837219780508793,4.832046643421103,6.282812532186548,3.4114313395617044,6.35901261707606,8.321710991858831,3.6334885631066256,5.075885387177078,5.260498710022903,7.455274285071765,4.916044384613236,6.891811735846497,4.102897494294565,"Arvada, CO",115368.0,5dc9f97b2a65b6af02024fff
3.5542369296364162,4.334018802712955,5.742545833411664,2.7284793227411193,6.28949363449402,8.198094945553361,2.6699004466653635,4.552298365143743,5.329816522180165,7.550562611119231,4.192076887629998,7.043920187718698,3.532033919504103,"Westminster, CO",113130.0,5dc9f97b2a65b6af02025000
3.767587139548832,4.460718394013599,5.362249813167225,3.3229693331586274,6.774253794084469,7.915306818620438,3.605158782975808,4.762064015873182,5.311951724499158,7.539071887403592,4.80999743248341,7.337619896361078,3.17654647601937,"Centennial, CO",109741.0,5dc9f97b2a65b6af02025001
4.118238046098094,3.9972994341262384,6.281093004319194,3.1714089393299862,6.724013540592949,7.9333321212193555,3.499341630943603,4.475342115381971,5.705397185016274,6.978272171623363,4.280044801311665,6.904736146527586,3.592649538839794,"Highlands Ranch, CO",96713.0,5dc9f97b2a65b6af02025002
2.0722500000000004,6.327,6.5145,3.6245,8.68225,8.841333333333331,6.850999999999999,5.6979999999999995,6.0665000000000004,3.299500000000001,6.984,2.912,4.346,"Des Moines, IA",210330.0,5dc9f97b2a65b6af0202502a
0.9329999999999999,6.032,6.5145,5.8185,4.04675,8.278999999999998,6.223000000000001,6.167000000000002,7.478,5.387499999999999,4.4615,5.4015,3.7785,"Detroit, MI",677116.0,5dc9f97b2a65b6af02025036
5.627000000000001,5.021,6.5145,4.1735,8.231,8.826666666666666,6.713,4.756000000000001,2.9560000000000004,3.533,6.171500000000001,3.0865000000000005,3.9205,"Eugene, OR",163460.0,5dc9f97b2a65b6af02025037
2.0075000000000003,0.0,6.5145,4.1735,9.953249999999999,8.893333333333333,2.744500000000001,5.301999999999999,2.746,6.1865000000000006,6.935499999999999,4.0435,4.346,"Fort Collins, CO",161175.0,5dc9f97b2a65b6af02025039
4.1617500000000005,2.867,6.5145,4.2805,6.094000000000001,8.474,2.3415000000000004,6.158,7.622999999999999,5.917500000000001,6.8565000000000005,4.1335,4.204,"Honolulu, HI",371657.0,5dc9f97b2a65b6af0202503b
4.03075,6.162,6.5145,4.928,5.304500000000001,8.611,5.224500000000001,6.248499999999999,7.144,5.385999999999999,3.1289999999999996,7.9345,4.772,"Houston, TX",2296224.0,5dc9f97b2a65b6af0202506d
3.1850638590561715,5.080269398388116,6.079575349603521,4.485700400397254,4.156827671654852,7.813803992612117,4.519722973036811,5.705263448254702,6.131354750858922,5.169746460746606,2.4282717949441173,7.221036249230907,3.927617075622807,"Pasadena, TX",153784.0,5dc9f97b2a65b6af0202506e
3.085236840379229,5.164408099065719,5.446354196618265,4.464736044101845,4.28260260870216,8.358206275924884,4.830317130667754,5.654372699430197,6.02778290771156,5.119168756943586,2.809646910301625,7.21436822275429,4.5073094337783495,"Pearland, TX",108821.0,5dc9f97b2a65b6af0202506f
2.9425549128680064,5.45329993823944,5.630359683618391,4.570396545544235,4.855072661427378,7.502080332799863,4.614523960291524,5.815718427441213,6.080059716916694,4.44019386666638,2.176365708283325,7.4735652735203155,4.448948820139942,"Alief, TX",98725.0,5dc9f97b2a65b6af02025070
3.32886189832681,5.310061823744579,5.82840446595088,4.262252463489866,4.229123462955917,7.986895083991778,4.664597765185421,5.241411921345978,6.5987382216767205,4.699143026122145,2.002885292082086,7.342907050894934,4.041785437161405,"League City, TX",98312.0,5dc9f97b2a65b6af02025071
3.6115620378889064,5.738458187129407,5.487004000391165,3.9325322335297246,5.102130522966922,8.37906300492269,4.3897462415764945,5.9354318218197335,6.728086375340701,4.77157306590864,2.0690569107045746,7.285601404365715,3.679012214287005,"The Woodlands, TX",93847.0,5dc9f97b2a65b6af02025072
4.85875,5.478,6.5145,3.6245,6.1605,8.597666666666665,6.266,5.875500000000001,7.2989999999999995,3.9650000000000003,3.968,5.503,4.062,"Indianapolis, IN",829718.0,5dc9f97b2a65b6af020250e8
1.40575,5.359,6.5145,3.6245,7.12025,8.498,6.450000000000001,6.157500000000001,5.6545000000000005,5.013,3.8255,4.3475,4.772,"Jacksonville, FL",868031.0,5dc9f97b2a65b6af0202510e
1.9725000000000004,5.844,6.5145,3.6245,7.9765,8.775666666666666,6.7075,8.188500000000001,6.674500000000001,4.161500000000001,4.422500000000001,2.793999999999999,4.062,"Kansas City, MO",475378.0,5dc9f97b2a65b6af0202511d
1.0263851984934071,5.126211906673931,6.105857858330868,2.75245016349498,7.273399837497006,8.469395117504973,6.294094793891833,7.476015295786414,5.951433612847681,3.720048518260166,3.8865372488888688,2.004391721638011,3.6597010547863564,"Overland Park, KS",186515.0,5dc9f97b2a65b6af0202511e
1.1051142727576642,5.286345209579902,5.7188791184166075,3.339802425001381,7.6961713062646675,8.514284857520332,6.043012564689953,7.2058234857267855,5.775380590688812,2.968006979760311,3.8377973038688893,1.7896650618705452,3.7644643588257414,"Kansas City, KS",151306.0,5dc9f97b2a65b6af0202511f
1.6877522086249084,4.7878322921985355,6.26965448242542,2.5576853868907463,7.432413793376506,7.788491227633411,5.84699683806438,7.683980732992971,6.327013486381865,3.683312850579629,3.280559936936945,1.779362115745314,3.7162156207598582,"Olathe, KS",134305.0,5dc9f97b2a65b6af02025120
1.0827951515410388,4.984934633500283,5.7933930566437235,3.18813886870195,7.411548024558808,8.403407039910958,6.230797967329483,7.920465677184938,6.120250208821755,3.101399628228492,3.5888923765252407,1.8806692203340307,3.1081125088307977,"Independence, MO",117255.0,5dc9f97b2a65b6af02025121
1.3208472211473883,4.923617493480564,5.979984113106369,2.4564674544188394,7.7374529443827145,8.566962254809429,5.663642470920845,7.926821689839472,6.17917071475719,3.595638742447984,3.7054245939626713,2.1412254385809395,3.779219290527525,"East Independence, MO",110675.0,5dc9f97b2a65b6af02025122
1.6116290981213148,4.9209024893824935,6.249538329082043,2.4782938954864235,6.806066107854599,8.34898272018751,5.648420326715496,7.867906948405397,6.320858662599893,3.4915868023749494,3.685443920333463,2.518399970250039,3.7401933095353854,"Lee's Summit, MO",95094.0,5dc9f97b2a65b6af02025123
1.943,6.447000000000001,6.5145,4.212,3.7232499999999997,8.579333333333333,6.9754999999999985,7.092499999999999,4.495500000000001,1.7525,5.1295,3.5165,4.772,"Knoxville, TN",185291.0,5dc9f97b2a65b6af0202514f
4.807499999999999,5.7589999999999995,6.5145,3.6245,5.556500000000001,7.984666666666667,7.0009999999999994,5.3035,6.3685,5.385,2.385,7.515,4.772,"Las Vegas, NV",623747.0,5dc9f97b2a65b6af02025153
4.12841230038201,4.618977829532122,5.467598266004949,2.8438493961786246,5.176188245217318,7.178035786560504,5.945796493290096,4.25142475647847,5.748531786936907,5.066178551555125,1.7426177906909182,6.729644729427935,3.6874724722930603,"Henderson, NV",285667.0,5dc9f97b2a65b6af02025154
3.609807474523272,5.498704380507211,6.014057467084061,3.2405532726414554,5.144348676544467,7.735150728455685,6.731083464782667,4.687916561657559,5.558482683794851,4.62585974392878,1.7951120222754797,6.923695934793822,4.557129047285202,"North Las Vegas, NV",234807.0,5dc9f97b2a65b6af02025155
4.249641941018254,4.952387311588331,6.043893248848041,3.2645137825015587,4.877237025709696,6.941945647850157,6.493571925479744,4.691674792167898,5.9254034118842895,4.762064740190436,2.0439147791076215,6.749958374760576,4.308499627370302,"Paradise, NV",223167.0,5dc9f97b2a65b6af02025156
4.045802302977666,5.496029513229555,6.015143451347804,3.310657407349994,5.041987381008125,7.344500261883229,6.246819889279154,5.011279827804485,5.323821047018152,4.482299374818283,1.5046882614312767,6.76361013628871,4.30862435768385,"Sunrise Manor, NV",189372.0,5dc9f97b2a65b6af02025157
4.134715851738732,5.446352309568773,5.853806423333337,2.4850039715433976,4.702555481673205,7.371375969152441,6.050498663273913,4.21246617699387,5.2811933884354705,4.232274577553477,1.836406441844043,7.298111022570848,3.8428771761803935,"Spring Valley, NV",178395.0,5dc9f97b2a65b6af02025158
4.270621269183645,4.6207794678125484,5.651055946450764,3.2056496651428215,4.948236025333467,7.392910725372538,6.093418005285891,4.366212765575212,6.072502076714078,4.511412339854864,1.9892281981020086,6.4281901395356105,3.8598990414293923,"Enterprise, NV",108481.0,5dc9f97b2a65b6af02025159
3.6770000000000005,4.556000000000001,6.5145,8.6245,4.7315000000000005,8.439666666666666,1.5274999999999999,5.496500000000001,9.196,6.747,5.705,10.0,4.7675,"Los Angeles, CA",3971883.0,5dc9f97b2a65b6af0202515f
2.916695278961901,4.327847553030442,5.466621111215962,8.327821082003315,3.8623007130965146,7.8659882600534825,1.1648199535552748,5.0038592847018375,8.032148604535827,6.4645780835384965,5.436404645549802,8.997314745235236,4.121626333710196,"Long Beach, CA",474140.0,5dc9f97b2a65b6af02025160
3.206956738724859,3.544865181187619,5.7195037557113615,7.940804305763221,4.058990020873936,7.984992464006391,0.5476435892303055,5.212772928857384,8.684312277597959,6.273876915122993,4.511909157072547,9.4261104869217,4.334584639406046,"Anaheim, CA",350742.0,5dc9f97b2a65b6af02025161
2.724018764926655,3.649553778379534,5.62679442358634,8.13906808375792,3.8704775007591663,8.190454152567797,1.0420993752465049,4.662751765017013,8.299358489246659,6.385114580215813,5.12472025257502,9.408637936302346,3.622269295850576,"Santa Ana, CA",335400.0,5dc9f97b2a65b6af02025162
3.2311590043409897,4.1110970713524955,6.240060825751145,8.007810826402295,3.732659501808757,7.4172369897938255,0.49449212910313545,5.126554763564998,8.344448808143957,5.822533959543627,5.124906256292618,9.445338060058406,3.9708560800931787,"Riverside, CA",322424.0,5dc9f97b2a65b6af02025163
2.782897076643664,3.4826742270637605,5.363900675961437,7.667268688890477,4.121864158245584,7.444576040643507,0.4091667654086977,4.926069251406597,8.79883165033384,6.046873840295294,4.8552290818367325,9.012508908232633,3.7598654370773925,"Irvine, CA",256927.0,5dc9f97b2a65b6af02025164
2.854776847800287,3.986978071058469,6.02522530800598,8.081450598252106,4.286951650781523,7.566406522268045,0.5878985842478563,4.392015856989605,7.997586482521077,5.656065614325243,5.366124187383861,8.860149373084367,3.900101994092924,"San Bernardino, CA",216108.0,5dc9f97b2a65b6af02025165
3.3133356140508714,4.1536354884931175,6.038963405866823,7.462890010109595,4.002657096027793,7.839337452589168,1.0189389206659532,4.592994160787519,8.677987494917886,5.751691826794163,5.203495399903731,9.141082135354111,3.890476570452276,"Fontana, CA",207460.0,5dc9f97b2a65b6af02025166
2.5278881601963867,4.0949596082375415,6.029350499876037,7.909746700221402,3.663498271635243,8.179367561515017,0.8671196970868704,4.56212551011094,8.551779381515134,6.527242065368475,5.147379037153857,8.84010271584295,4.071175661057613,"Oxnard, CA",207254.0,5dc9f97b2a65b6af02025167
2.8194064653588082,4.025926077186213,6.060593351597695,7.700882100738724,3.6367269371635036,7.625849098507605,0.5134022752339,4.418331978080995,8.592429980367113,5.911967274085239,5.085203223205645,8.970125702487401,3.6075028441481907,"Moreno Valley, CA",204198.0,5dc9f97b2a65b6af02025168
3.1966664047945312,3.467469875803615,5.727746005650641,7.482391185952723,4.447551546821173,8.091426798119022,1.0235592272299059,4.994824712662857,8.657649413219595,6.0897928158463035,4.641817367324252,9.65802456103265,4.454871405087256,"North Glendale, CA",203201.0,5dc9f97b2a65b6af02025169
3.3121068216932126,4.074501378909263,5.582704782028515,7.816155727385497,4.472689114294493,7.901548952153934,1.0353952288204882,4.363102525126385,8.33596705685472,6.005522901555845,5.300896819239052,9.03236031469606,3.691245579601026,"Huntington Beach, CA",201899.0,5dc9f97b2a65b6af0202516a
3.2343085712682154,3.780716294498398,6.311211635544132,8.325642882915506,3.910021562316799,7.289891484857461,1.0268594807781346,4.756317521783766,8.257551112841622,5.782419326088389,5.278397231559019,9.224079009625056,3.5826704701957883,"Glendale, CA",201020.0,5dc9f97b2a65b6af0202516b
2.664978174198076,3.7850170951470075,5.514396885438234,7.911601377507701,3.783950785138711,7.376326650539632,0.3579158158836293,5.17536742447649,8.83987520110761,6.08350254050373,4.578856564617323,9.087062338773062,4.082395580614337,"Oxnard Shores, CA",187235.0,5dc9f97b2a65b6af0202516c
3.2945853430497665,3.7688696300458497,5.978389992744187,7.775057506141663,4.024310028638958,7.501282996584462,1.230944558335667,4.86419018315687,8.228582511261902,5.680445678679185,4.5257085176755565,8.812323675909,3.7192453045785667,"Santa Clarita, CA",182371.0,5dc9f97b2a65b6af0202516d
2.826515551254645,3.445553665471598,5.893938962346474,8.323573619517113,4.058678520346583,7.8569020603913575,0.6382147300248955,4.479548473143254,8.824675804122407,5.767990486048088,4.526983390419076,9.46315540911272,4.537089321972718,"Garden Grove, CA",175393.0,5dc9f97b2a65b6af0202516e
2.87902252161831,3.6566084420067417,6.264366754968406,8.35784544315756,4.427913674001725,7.746910798101201,1.0313759487394378,4.587501955465536,8.990356219776869,6.546183320691993,5.055473988093823,9.671619106794573,4.4300505072746645,"Rancho Cucamonga, CA",175236.0,5dc9f97b2a65b6af0202516f
2.5910820373569043,3.409502526822264,5.667220693767629,8.291715877708924,4.453725901469232,7.542665213277752,0.9444949817758459,4.874446456422073,8.467880149559218,5.959846750932696,5.382049261637483,9.703074280068147,3.5937047902581805,"Ontario, CA",171214.0,5dc9f97b2a65b6af02025170
2.7299317903011153,3.8238710511445797,5.779999463624652,7.4950087143354,3.832971214161085,7.780595601514438,1.3030267489817238,5.129105248955469,8.58347012510629,5.904414862553298,4.611166545213916,9.569353731875326,4.008688229800045,"Hollywood, CA",167664.0,5dc9f97b2a65b6af02025171
3.1831922552659533,4.213231999316132,5.745739203330832,8.25614621204979,4.210183877109014,7.3033718238423635,0.9974316515399035,4.465269207349627,8.580849818307925,6.122677131775181,5.368060323275711,9.384607475689803,3.980332512186453,"Corona, CA",164226.0,5dc9f97b2a65b6af02025172
3.090141913108872,4.149365009020821,6.087594479315465,7.800520359114982,3.831062940598515,7.3643288735569445,0.6336481585212177,5.016283470206539,8.29465984301638,6.12455780324445,5.466899389449829,9.207684547008869,4.18851700837191,"Palmdale, CA",158351.0,5dc9f97b2a65b6af02025173
2.6659773439053147,4.35085995355341,5.835915299472399,8.17069810313654,4.083863700354155,7.87308550506657,0.7457970626677455,4.847810542255525,8.428430978668198,5.938925720826215,4.807868443300081,9.771359132580399,4.244019364686867,"Pomona, CA",153266.0,5dc9f97b2a65b6af02025174
3.2714243265752327,4.151453365931135,5.936686411537506,7.515514760115662,4.44332654565088,7.991407317331244,0.4709058972245419,5.276574234043289,8.356775826313628,6.126943632177894,4.9623512598425,9.233441185794545,4.052602406406395,"Torrance, CA",148475.0,5dc9f97b2a65b6af02025175
2.854700351816218,4.149246915705323,5.786383476179818,7.915113216640723,4.461675635770184,7.597790743592111,1.2105508206315194,4.753592445034071,8.11394477816541,6.2040222302236,5.277656483102271,9.447290863810878,3.880997295243926,"Valencia, CA",148456.0,5dc9f97b2a65b6af02025176
2.992972600315882,3.603676087383676,5.400854748193136,7.973420909518975,4.101241170800605,7.891852447076947,1.3214918275876626,4.823618315143002,8.682415602522024,6.3113178632991485,4.874503643257927,9.459792961053083,4.425168015090055,"Pasadena, CA",142250.0,5dc9f97b2a65b6af02025177
2.864422287047449,3.357591896199502,6.180519565731876,7.472799172021486,3.879209599337541,7.546905778722963,0.5912690105933882,4.89464273331597,8.97876093702129,5.597875360107249,4.784986230979652,9.4845606610886,3.5826182446371773,"Orange, CA",140992.0,5dc9f97b2a65b6af02025178
3.140416820000764,3.8024119475627476,5.6967249541370055,7.501475373165788,4.196376697124644,7.652253197782187,0.9947766207738704,4.631070821030166,8.698777676553044,5.926745632069795,4.876660890953998,9.245265497917535,3.6967561443451094,"Fullerton, CA",140847.0,5dc9f97b2a65b6af02025179
3.337761091684766,3.800472595091917,5.3370015949164245,7.850418476254468,4.064890255420748,7.694663201204969,0.6201436026210478,5.2523255833061695,8.944784100046231,5.610639824839593,4.621106528309354,8.889760900248907,4.000608296656354,"Van Nuys, CA",136443.0,5dc9f97b2a65b6af0202517a
3.132845478932082,4.15382261742933,5.667458176628801,8.05769836646979,3.5748941642320444,7.371764858459692,0.5602177533305794,5.251214190560347,8.470661916917699,6.180579380211129,4.718162675725856,9.237825011202967,3.7483645282143123,"Thousand Oaks, CA",129339.0,5dc9f97b2a65b6af0202517b
3.266011601451299,4.281975896945792,5.750452656256245,8.287679829914568,4.328835244825608,8.016611217808665,1.0549947446036467,4.947145975934226,8.334501272778148,6.539847923722421,5.255263462406294,8.875792813250992,3.610796694941794,"Simi Valley, CA",126788.0,5dc9f97b2a65b6af0202517c
2.9275917645646388,3.5569939573645764,5.405550555885863,8.043423327662769,3.7829766999588887,7.707584151797785,0.8840145056146813,5.236634720442572,8.008041530284716,5.752518393584788,4.835695768035741,8.806274676851181,4.276142070715353,"East Los Angeles, CA",126496.0,5dc9f97b2a65b6af0202517d
3.215315044018403,4.0748743758995,6.206460608638533,7.521551258312034,3.8552701617458567,8.165291100609394,1.282131980370458,5.123349037512073,8.305349254818715,5.82508006740159,4.88366763566268,8.819564888971602,3.9748366834715165,"Koreatown, CA",124281.0,5dc9f97b2a65b6af0202517e
2.7871212925954705,3.8964785787321095,5.823192100155951,7.51307675327433,3.899523960905023,8.089200451071303,1.278193551105789,4.500581869000893,8.422862475950264,6.221415758781437,5.42707211127062,9.734312753753706,3.9376901523498478,"Victorville, CA",122225.0,5dc9f97b2a65b6af0202517f
3.1303407287331018,3.5696589369950082,6.264902557634248,7.448081917395784,4.446508986340759,7.265675973463674,1.095462762621729,5.043787702751805,8.987388944235096,5.951076462749942,5.304674204347824,9.55234458751489,3.8448298311128584,"El Monte, CA",116732.0,5dc9f97b2a65b6af02025180
3.400800847594107,4.244002315567657,6.167698402062625,7.490248735323142,3.8795700332530316,7.592158434344956,1.1952940103009735,4.971648064199245,8.177542037813454,6.37931215832109,5.037407169872672,9.0064669349579,3.83059684652121,"Downey, CA",114219.0,5dc9f97b2a65b6af02025181
3.458866743291856,4.050470130109198,6.193070868152411,7.427856498922473,3.5923259996754333,8.068237645726182,1.2173063808121343,5.123901696134966,8.689625369980199,5.866045624420149,5.44738215397291,9.77453820748208,3.6473966352125307,"Costa Mesa, CA",113204.0,5dc9f97b2a65b6af02025182
3.3378450874076666,4.340927462650432,6.157920292243393,7.728156002527476,4.442965047546802,7.316463638854177,1.2629244021045718,4.49524795218454,8.008828360802879,5.8350176954294515,5.463509043733279,9.779036027531829,3.919474697395147,"Temecula, CA",112011.0,5dc9f97b2a65b6af02025183
2.9694839257811854,3.722399577668382,5.583712741125358,8.25507372900996,3.8530935831007342,7.9977131712980505,0.7703113614598966,4.547987637862834,8.817429136187602,5.865182345047832,5.212879498308319,8.865424495734798,4.210194078519164,"Inglewood, CA",111666.0,5dc9f97b2a65b6af02025184
3.143339018724183,4.085334297592664,6.173177977146692,7.585756864050872,4.285189744833684,7.7286194778621535,0.6999217995105811,4.362427878180528,8.335921443966969,5.763195419320898,4.543522904962643,9.602000997681507,4.080602519851862,"Murrieta, CA",109830.0,5dc9f97b2a65b6af02025185
3.2382069311429102,3.746863256700869,5.705775134066723,7.474635476159156,4.24065859357993,7.3137790379204715,0.6101099004681025,4.45495460505709,8.607290957537183,6.4895214858201715,5.249540092597909,9.091749892800681,3.779719288674541,"West Covina, CA",108484.0,5dc9f97b2a65b6af02025186
3.1080638356133656,3.9903962169301384,5.914407994706127,8.33735961745671,4.001841775282671,7.701208021884947,1.1283724466367724,4.783253768205475,8.321919702842525,6.336001906506658,5.018558336462388,9.311415149479986,4.033330209136786,"Norwalk, CA",107140.0,5dc9f97b2a65b6af02025187
3.4641599707512083,3.9784184673589387,5.932375673295823,8.16118493361237,3.7102921252161556,7.933787324622969,0.7181775551790595,4.896003051414878,8.159114551281197,5.568490020650575,5.275834831128007,9.133192248068006,3.8645448692850293,"Universal City, CA",105000.0,5dc9f97b2a65b6af02025189
2.6927259176086733,3.3714748843647815,5.748766364687906,8.29174535592117,3.756164197910337,8.091477287806754,0.706937380494995,4.83659499088515,8.204900926146049,5.7111195470880585,4.9007411593036005,9.243006990800106,3.7739702093114014,"Rialto, CA",103132.0,5dc9f97b2a65b6af0202518a
3.417269955717341,3.8150670698003344,5.6504769299694955,7.807628518741921,3.8946471353936554,7.5166694679983586,0.4517608544394338,4.476953283423727,8.184088042223056,5.5979679692550715,5.225199994121293,9.752595872566735,4.36798454760993,"Compton, CA",98462.0,5dc9f97b2a65b6af0202518b
2.6897795251662022,3.7552067833018086,6.1546316137408645,7.786867453136033,3.6647530273041915,7.656524609123346,0.6243321649195741,5.219879472797289,8.80405573016205,5.830372038604336,4.579159482460088,9.794389459923066,4.3180466529419705,"Mission Viejo, CA",97156.0,5dc9f97b2a65b6af0202518c
2.6618054604227845,3.4912688092272304,5.3365663503180265,8.046683118305003,4.245186912882468,7.845614184026021,0.7157888377653019,4.407479685470506,8.892409617256018,6.19358172133107,5.0900728070645584,9.544370738939168,4.480719775370482,"Ventura, CA",96769.0,5dc9f97b2a65b6af0202518d
3.4746400448572343,3.751961612858499,6.08804387805539,8.249967505847222,4.057016130334682,7.852519510169815,0.41456149593735825,5.250500279251546,8.345120848594648,6.1428434871683875,4.724823669478307,9.271634789678808,4.225915318450378,"South Gate, CA",96401.0,5dc9f97b2a65b6af0202518e
1.954,6.358000000000001,6.5145,3.6245,6.601249999999999,8.558333333333334,7.258,5.526999999999999,5.6935,1.3,3.6175,4.254,4.062,"Louisville, KY",243639.0,5dc9f97b2a65b6af02025291
5.473750000000001,6.173,6.5145,5.385999999999999,9.524000000000001,9.023666666666665,5.8294999999999995,4.9925,4.422000000000001,4.3759999999999994,7.362000000000001,4.017,4.204,"Madison, WI",248951.0,5dc9f97b2a65b6af020252c8
1.9175,5.829,6.5145,3.6245,4.545249999999999,7.523666666666666,7.1145000000000005,6.07,6.860499999999999,3.5694999999999997,2.8585000000000003,4.449499999999999,4.772,"Memphis, TN",655770.0,5dc9f97b2a65b6af020252d5
1.1748062330060807,5.173206497547539,5.789691691229818,2.5215236653199833,4.237646348154901,7.298029828099078,5.983413020881232,5.36937072671254,6.409340871608375,3.235024002020451,2.4616415828556275,4.136614777364083,4.3131887931846435,"New South Memphis, TN",641608.0,5dc9f97b2a65b6af020252d6
4.0527500000000005,4.497,6.5145,4.3945,6.292,8.528999999999998,3.0309999999999997,5.824,6.7675,5.3845,4.321,8.0225,4.772,"Miami, FL",441003.0,5dc9f97b2a65b6af020252df
3.563381498270846,3.492861473930308,5.760154697182779,3.6318814114265816,6.061823315840189,7.909556109430346,2.800561436387948,4.668024986309724,6.285664365539353,4.970724284295808,3.7180915223390016,7.782910895307431,4.365109854602336,"Hialeah, FL",237069.0,5dc9f97b2a65b6af020252e0
3.4560753656612437,4.064647507137286,6.020798924411485,3.6709555578438424,5.920580606886568,7.483944945144442,2.8050839975805184,5.488538970830157,6.3374999692436464,4.818269139442815,3.177393011614458,7.515907030307472,3.576919366095504,"Fort Lauderdale, FL",178590.0,5dc9f97b2a65b6af020252e1
3.4475840484477542,4.2740602654156605,5.487496457541833,3.6837942001167407,5.496876232953481,7.556815301172877,2.340790566954878,5.347447245694585,6.563125348097534,5.0695356080974925,4.0755576667075095,7.045313861894158,4.450334318373241,"Pembroke Pines, FL",166611.0,5dc9f97b2a65b6af020252e2
3.51181563242822,3.771739755320133,6.281466916612988,3.8760181795909707,5.322791035250323,8.168577916326107,1.9489443676386937,5.460209454649952,6.2036881725377615,4.651848151057867,3.2628248376577,7.777723817725163,4.093289017667495,"Hollywood, FL",149728.0,5dc9f97b2a65b6af020252e3
2.890464736189159,4.166462784988791,6.007871812150072,4.141961695526699,5.773416470655331,8.129183060673943,2.4170616848360194,5.057465101677942,6.139230518452246,4.839532266113872,3.3764102323474674,7.464280755454392,3.987811790685876,"Miramar, FL",137132.0,5dc9f97b2a65b6af020252e4
3.1882157620023817,3.5628527080803574,5.894738607781143,3.563610222237801,5.354113146113202,8.078182387226239,2.4883016539065883,5.3545831609976124,6.289557279082171,5.0358641625274405,3.8127330907067725,7.1854460414870065,3.853565765354131,"Coral Springs, FL",129485.0,5dc9f97b2a65b6af020252e5
2.9862187111365657,3.4542169177706716,5.396208260476661,3.8112105646328516,5.196686403704332,7.948164169098932,2.4115351953676276,5.359911753619833,5.660288086554132,5.147643769212964,3.9051927293718847,7.317017136630715,3.6919173791546047,"Pompano Beach, FL",107762.0,5dc9f97b2a65b6af020252e7
3.5029488028336737,4.046705644353853,5.895329160048808,3.5834368499827915,5.192355309105716,7.754306880929823,2.719153402811056,5.307391433847744,5.83427707562844,5.137416021160959,3.310900213764673,6.91376567565082,4.397200234911297,"West Palm Beach, FL",106779.0,5dc9f97b2a65b6af020252e8
3.0523218745350267,4.118392229557543,5.935043131238627,3.330572107108532,5.1010547904430235,7.4785286305471175,2.484577630215383,5.396026530045969,6.221662256749397,4.884987122866108,3.534698619380756,7.413504037959614,3.6393325617617807,"Davie, FL",100882.0,5dc9f97b2a65b6af020252e9
4.915000000000001,5.526,6.5145,4.177,7.989000000000001,8.594333333333333,6.1225,4.346,6.8375,5.064000000000001,4.267,4.8305,4.204,"Milwaukee, WI",600155.0,5dc9f97b2a65b6af02025388
4.924999999999999,5.042000000000001,6.5145,5.2745,8.362,8.972,4.738500000000001,6.258499999999999,6.8505,5.095999999999999,5.085000000000001,6.5264999999999995,4.062,"Minneapolis, MN",410939.0,5dc9f97b2a65b6af020253d2
4.294291870496648,4.052218457225093,6.135994876777959,4.802812651897942,7.349306901588302,7.981332228361621,4.060401033118444,5.509258656768489,6.588819297333306,4.640344180140605,4.5271143679284735,6.113531296852565,3.7669656840966503,"Saint Paul, MN",285068.0,5dc9f97b2a65b6af020253d3
4.501,5.742000000000001,6.5145,4.733,7.056499999999999,8.370333333333333,4.4545,6.6370000000000005,7.0200000000000005,1.2734999999999999,5.078,6.0600000000000005,4.772,"Nashville, TN",530852.0,5dc9f97b2a65b6af02025468
4.6274999999999995,4.991999999999999,6.5145,4.151999999999999,5.674,8.311666666666666,5.339,6.453000000000001,7.1985,1.0,2.088,4.7365,4.346,"New Orleans, LA",389617.0,5dc9f97b2a65b6af02025469
4.155080105282837,4.177258279458194,5.792049406674259,3.531281485722119,5.466326356209271,7.2494560301084165,4.625618086555806,5.880323744568644,6.527272432917378,0.3673919969986208,1.516563363423454,3.675407681389499,3.840079468029739,"Metairie Terrace, LA",142489.0,5dc9f97b2a65b6af0202546a
4.210335772750204,4.453842934310039,5.453772576189542,3.7480009282089837,5.000659402043542,7.696658454142756,4.99872250647213,6.121703060756932,6.719316272654452,0.10430817520227409,0.956733788501249,3.923513604200209,3.2447418686009972,"Metairie, LA",138481.0,5dc9f97b2a65b6af0202546b
5.5192499999999995,2.342,6.5145,8.0935,5.233749999999999,8.501666666666665,1.0,7.0985,10.0,5.7475,7.022,10.0,3.9205,"New York City, NY",8175133.0,5dc9f97b2a65b6af02025480
5.036620010708374,1.1933140521491254,6.252610354355306,7.759510324218855,4.624158018208683,8.285355047583595,0.49126100563659514,6.704922741845775,9.440896007166925,5.524162541656208,6.359263771655457,9.056881087511595,3.23379583938146,"Brooklyn, NY",2300664.0,5dc9f97b2a65b6af02025481
4.471410579495017,1.742456769892768,5.411281553226343,7.499493175440784,4.529892740181865,7.994362093989222,-0.09216522096713908,6.468416076769859,9.094126395287931,4.58697772428093,6.4593745085225045,9.536700925701691,3.462177625792082,"Queens, NY",2272771.0,5dc9f97b2a65b6af02025482
5.231130637550103,1.7167826488938565,6.128066657131664,6.927958462530978,4.256911357875752,7.789449867695396,0.11425132635130963,6.36782970133395,9.224693072262692,4.607615157703184,5.9201584031570516,8.9708553092746,3.142745560481588,"Manhattan, NY",1487536.0,5dc9f97b2a65b6af02025483
4.354440114723789,1.5115954858385436,5.525733596676465,7.546458600145849,4.620487277019759,8.1495722061508,0.23360061294172807,6.462265570778677,8.916395286678812,5.088365487901113,6.340371975559896,9.624735947230242,3.413023881262827,"The Bronx, NY",1385108.0,5dc9f97b2a65b6af02025484
4.955290297557309,1.4347116971680196,5.630282062495557,7.3218658477165555,4.674278279138816,7.563259442601971,0.7852456735447355,6.505765031557488,9.661577759220254,4.645731573864253,6.560412687883063,8.83671185187342,3.0463073582060334,"Staten Island, NY",468730.0,5dc9f97b2a65b6af02025485
4.705697127986586,1.980680527216216,6.042702041129043,7.046729566698405,4.7387198108375905,8.186500925690764,0.5548020926615189,6.799608651629834,9.085833831538332,4.568232205960809,6.252334869608019,9.357099633474727,3.658699503807756,"Newark, NJ",281944.0,5dc9f97b2a65b6af02025486
5.012760179857563,1.447030388592346,5.492493599337477,7.348745942747548,4.780358947960935,7.743078166087381,0.6558023985272059,5.925391310359302,8.943215446044448,5.299228244484974,6.246254733064436,9.446863550695516,3.586259872741963,"Jersey City, NJ",264290.0,5dc9f97b2a65b6af02025487
4.685349336220761,1.6718036804764445,5.599491923617997,7.104506983286272,5.003068009621266,7.765279836467233,0.5444039908759752,6.187197667571416,9.769929431250835,4.752073883744132,6.098013208545867,9.715638457634839,2.751713635162496,"Jamaica, NY",216866.0,5dc9f97b2a65b6af02025488
5.203224331494336,1.4573581113037655,5.862460656042529,7.211703353360663,4.292445629525085,7.499196443436398,-0.10785923472850634,6.3715544087142035,8.90996927523495,4.85090120947925,6.741493336258824,9.431398123207604,3.4782268841994917,"Yonkers, NY",201116.0,5dc9f97b2a65b6af02025489
5.308763243817288,1.4020745300412294,5.791149665071819,7.212980449910679,4.148263144983458,7.501789703527945,-0.14502425061741486,6.8651859761896,8.847561111101484,5.247068378949065,6.268506167831978,9.271797427075658,2.8265590521445625,"Harlem, NY",181259.0,5dc9f97b2a65b6af0202548a
5.032008686383469,1.4012743113405401,5.999737874002065,7.299968571853562,4.206445075362353,7.52369665001216,-0.0514515761207166,6.513391165132696,8.939954722718955,4.801840903890101,6.682584110661536,9.75027205053217,2.8452829266328914,"East Flatbush, NY",178464.0,5dc9f97b2a65b6af0202548b
4.56222182191299,1.1600446487143246,6.167601544758649,7.549431906809657,4.10328643021343,8.04454391133893,0.49393372576077565,6.1805677507159125,9.34235200858167,5.1933583331885735,6.4146896411818695,9.773365402820142,3.5016130393594644,"East New York, NY",173198.0,5dc9f97b2a65b6af0202548c
5.160470209622943,1.3703450584020953,5.91484917574127,7.340705470829058,4.468285162147348,7.382668878719079,0.3422935744279809,6.617843788374026,9.0590431039031,5.250945993662304,6.162878797582685,9.147067882479496,2.9228495365256197,"Washington Heights, NY",152613.0,5dc9f97b2a65b6af0202548d
4.656893229873855,1.5078378343217662,5.744496950224221,7.804273999038051,4.074909556409496,7.583488559172421,0.5584457504560445,6.573405850498448,9.261657776683982,5.50907654293414,6.726852815502438,9.163964307615913,3.0932884461358476,"Astoria, NY",150165.0,5dc9f97b2a65b6af0202548e
4.656340928223733,1.6383639392804035,5.595689661992045,7.22362480784934,4.696887895540289,8.229707775776216,0.16268241003189177,6.26059466627934,9.32278039094957,5.073688890342737,6.450472868124093,9.686721018804008,3.5932537849213184,"Borough Park, NY",149248.0,5dc9f97b2a65b6af0202548f
4.605842696129126,1.918970258844,5.6531830387890984,6.9713857986234835,4.977089521226909,7.336577786535342,0.09928673508304198,6.679939433341209,9.467595299778019,5.366907556484257,6.567113607341936,9.216264997443735,3.646826216324142,"Paterson, NJ",147754.0,5dc9f97b2a65b6af02025490
4.527040941282645,1.6560743439194516,5.570520503034173,7.377933346617589,4.631947800006525,7.813455905771728,0.33213114874942873,6.544358765636041,9.720677088759984,5.151596556064309,6.680952091960185,9.019018267784137,3.0500283941780397,"Elizabeth, NJ",129007.0,5dc9f97b2a65b6af02025491
5.006887079316146,1.7786348424035316,5.380676998745219,7.65079456700076,4.401042498795924,7.783581086678468,0.527190310442673,5.965581419137859,9.794562812763049,4.937406914992037,6.8149957010853806,9.544825990482988,3.474616095128406,"Stamford, CT",128874.0,5dc9f97b2a65b6af02025492
4.752660535356582,1.5274055785513223,5.545608825102814,7.235813660756167,4.315281842483193,7.5431980556828,0.18368216331828702,6.035149500055549,8.919486393911773,4.553217038068587,6.659272284629373,9.495177777951639,3.3811600188533735,"Sunset Park, NY",126000.0,5dc9f97b2a65b6af02025493
4.81694205879779,1.591667723647456,5.646828056298718,7.524199853940075,4.523238322131302,7.450010468677593,0.5671746523982508,6.177482505791637,9.239147008848636,5.503875810164453,6.080963737688159,9.120243362996389,2.750232938931413,"Sheepshead Bay, NY",122534.0,5dc9f97b2a65b6af02025494
4.342287044683864,1.5467698761529485,6.284654425887009,7.454789469382897,4.140289105145727,7.446432399412818,0.7511031912733952,6.047909281139927,9.775190408659004,4.774158598023304,6.672028402279016,8.837473167897896,3.0006442646399423,"East Harlem, NY",115921.0,5dc9f97b2a65b6af02025495
4.422128811252682,1.5719962816940143,6.279636248494725,7.367080998105927,5.007223169032146,8.217839452051148,0.4974672499988242,6.098215719772453,8.904865618757018,4.906500752048421,6.711472887855427,9.406297494108689,3.2713058256533296,"Elmhurst, NY",113364.0,5dc9f97b2a65b6af02025496
4.517425051007723,1.8570535820340506,5.742000419019955,7.1789152976408666,4.144128180548053,7.794067570235216,0.32407894663986747,6.38570972257757,9.591717126042779,5.442834763916912,5.899745410596291,9.424409613225633,3.5611028962747286,"Bushwick, NY",112620.0,5dc9f97b2a65b6af02025497
5.124143054854655,1.698873267238107,6.168996451128933,7.096679097982738,4.329848351326034,7.480528169368001,0.08614001512877012,6.084900826082761,9.61192811574558,5.202317565525651,6.307551822800487,9.316929812099657,3.483147540119661,"Gravesend, NY",112229.0,5dc9f97b2a65b6af02025498
5.289927373619264,1.4791197544499735,5.590356114880221,6.998789422132734,4.638319996659947,7.462497243512023,0.01702916500521101,6.523131875550334,9.651195937614338,5.503387275343382,5.977806545048507,9.75064407062114,3.549606372020103,"Corona, NY",109698.0,5dc9f97b2a65b6af02025499
4.94348131503455,2.0593967394249657,5.683553944892518,7.377980543717264,4.462532798369298,7.870910999751895,-0.11173712246744083,6.331795564640316,9.149189207511558,4.705989842951484,6.51670679238859,9.133713420928384,3.572373572249689,"Edison, NJ",102548.0,5dc9f97b2a65b6af0202549a
4.990557615251621,1.3608889507375495,5.762768878543743,7.869220050582772,4.4211194170917025,8.114350282491165,0.6623854905630651,5.926925508305537,9.774555984706549,4.758073149845547,5.923748300143325,9.343279596485013,3.7053989414086734,"Richmond Hill, NY",98984.0,5dc9f97b2a65b6af0202549b
5.225505458113386,1.5613051929306692,5.900675548695011,7.385974245303576,4.491359957579524,8.094694485597028,-0.09236586190733886,6.6601327114836275,9.173264458629426,5.0512135385973345,6.016262494687245,9.344988355736964,2.9775723971906816,"Fordham, NY",94678.0,5dc9f97b2a65b6af0202549c
4.989023374845152,1.2518938535883513,5.6987462395406325,7.666068554230776,4.25776948601697,7.61596577817037,0.6495756593841069,5.964866186976211,9.796052108402055,4.695274281326367,6.044415712842726,9.608930238962945,3.3419631470386983,"Flatbush, NY",93361.0,5dc9f97b2a65b6af0202549d
5.0272499999999996,6.394,6.5145,3.6245,7.61525,8.549,7.261000000000001,7.689,5.376000000000001,4.1290000000000004,4.6855,4.1375,4.204,"Oklahoma City, OK",631346.0,5dc9f97b2a65b6af020256a9
4.144051999145297,5.402257577835725,6.160341058735716,2.6458418084730013,6.838212078827249,8.078461608532857,6.729641168597859,7.073210038488571,4.782886693086538,3.550727033661457,4.1358188749535625,3.087081429843822,3.692070214944099,"Norman, OK",120284.0,5dc9f97b2a65b6af020256aa
2.1277500000000003,5.994000000000001,6.5145,4.128,7.876000000000001,8.879999999999997,7.040500000000001,6.3065,4.942,4.181,5.5520000000000005,4.0120000000000005,4.204,"Omaha, NE",443885.0,5dc9f97b2a65b6af020256ca
4.33875,5.284,6.5145,3.6245,6.676,8.274,5.778499999999999,4.886,5.9295,4.492999999999999,4.134,6.5975,4.772,"Orlando, FL",270934.0,5dc9f97b2a65b6af020256d7
4.1315,4.422000000000001,6.5145,6.0285,5.1240000000000006,8.621666666666666,4.207,7.443,8.492,4.115,3.1329999999999996,7.3625,3.7785,"Philadelphia, PA",1567442.0,5dc9f97b2a65b6af0202572a
4.828500000000001,6.208,6.5145,4.590999999999999,4.625249999999999,8.567333333333334,6.5329999999999995,6.178,6.8100000000000005,6.7355,2.5829999999999997,6.508500000000001,4.488,"Phoenix, AZ",1563025.0,5dc9f97b2a65b6af02025805
4.621168651761046,5.599851037890553,5.924865287645033,4.200452907629183,4.173278306372021,8.204513729934526,5.923833759920514,5.130086325161852,5.755818739728244,5.601007137623338,1.5815923698655074,5.634277509659452,4.149356937250028,"Mesa, AZ",471825.0,5dc9f97b2a65b6af02025806
4.485043083570178,5.433199399205394,6.13831307062558,4.1820389885710245,3.8421639814240636,8.19610531611182,5.934630396671921,5.1008395789965615,6.513064915338875,6.196534505171573,1.7121483060342595,5.400602155773564,3.418554785745063,"Chandler, AZ",260828.0,5dc9f97b2a65b6af02025807
3.837584380491033,5.491439455438417,6.138511838378618,4.037767792130706,3.6174856168810328,8.272427874479535,5.811403756087859,5.057004322238205,6.350122894559172,6.1368917246336405,1.4770259192332438,5.980536247242291,3.4818532603451238,"Gilbert, AZ",247542.0,5dc9f97b2a65b6af02025808
3.959547489432911,5.621727443737598,6.314235708268614,4.3266817840982155,3.986694550299177,7.932660998262783,5.424950933366251,5.746640700001393,6.175743807472023,5.7926804352592765,1.9074179325407563,5.425844262019152,3.9710784435149673,"Glendale, AZ",240126.0,5dc9f97b2a65b6af02025809
3.655945879880004,5.795426162538585,5.448133147244501,4.028929068988395,3.767094786196393,8.065644352278591,5.845230651374202,5.515522078526031,6.603298307903889,5.76512098515062,1.947867824908618,5.57265547554587,3.452709196374182,"Scottsdale, AZ",236839.0,5dc9f97b2a65b6af0202580a
4.05577864637249,5.188640311621045,6.0498325947448475,4.101104953333331,4.147315485099488,7.916717092818958,5.688497295017334,5.738465984491084,5.876877889715884,6.506443869136437,2.014061865496344,5.768105509253316,4.071078103224328,"Tempe, AZ",175826.0,5dc9f97b2a65b6af0202580b
4.251276353028452,5.61306923733189,5.670726387589431,4.036509202259101,3.9736812868164177,8.083580130699838,6.045597323192475,5.932719550738447,5.7002833028744115,5.579575465616143,1.4078007472222758,5.494814384971042,3.3871144582034782,"Peoria, AZ",171237.0,5dc9f97b2a65b6af0202580c
4.602342176634627,5.929525986078339,6.204388117704521,3.922651377004998,4.162699726847012,8.014723335358951,5.678742908848087,5.377320208218034,5.821491388711637,6.501827285744348,1.9046006837792613,5.9883640316471185,3.76025453077276,"Tempe Junction, AZ",158368.0,5dc9f97b2a65b6af0202580d
4.1753470161492405,5.592512037275359,6.262297372446287,3.5122469987631737,3.595093175215349,7.85097215040738,5.804972058390436,5.822739314790363,6.400343908046876,6.363913837299567,2.084950335754281,5.778140475846264,3.604413635298209,"Surprise, AZ",128422.0,5dc9f97b2a65b6af0202580e
4.308,4.795,6.5145,6.5935,6.874250000000001,8.582333333333333,5.963500000000002,8.669500000000001,6.859,4.0685,4.791,6.5075,3.7785,"Pittsburgh, PA",304391.0,5dc9f97b2a65b6af02025832
4.9079999999999995,4.924,6.5145,4.2155,8.4595,8.596666666666666,4.138,5.968500000000001,6.2195,6.303999999999999,5.1805,6.957,3.9205,"Portland, OR",632309.0,5dc9f97b2a65b6af02025917
4.433695597815411,4.439767654567428,6.047046261348351,3.995859457423763,7.801816232034571,8.023693262898474,3.0143390452001055,5.002768742395686,5.192022658087981,5.884303028640582,4.4610068854611065,6.395965739403912,3.1318467273841266,"Vancouver, WA",172860.0,5dc9f97b2a65b6af02025918
3.77024927335711,3.861230568367467,6.012559474427999,3.1601611353081474,7.68645637295786,7.747285158596954,3.9018855584390706,5.1758055295876275,5.598349023631123,5.729007038911522,4.858143579199039,5.959416253479911,3.446423197244361,"Gresham, OR",110553.0,5dc9f97b2a65b6af02025919
4.703991152046907,4.082788626080001,6.221988563617631,3.572434949083365,7.774112926073305,7.575495276378366,3.7902193919707754,5.523655151356426,5.921480291459607,5.3569018375130995,4.519480109666118,6.405467074567402,3.334555595308044,"Hillsboro, OR",102347.0,5dc9f97b2a65b6af0202591a
4.079667310497724,4.41054027004645,6.28407757071464,3.5138180168808772,7.428206311413061,7.9709212325240975,3.4979541047681373,5.744628306201032,5.380088327888474,5.30046910379909,4.549128891277982,6.730134156589813,3.6708675245216944,"Beaverton, OR",96577.0,5dc9f97b2a65b6af0202591b
2.422,0.0,6.5145,5.3015,5.900499999999999,8.885333333333334,3.1530000000000005,8.9345,3.9185000000000008,1.084,6.846,3.7640000000000002,4.204,"Providence, RI",179207.0,5dc9f97b2a65b6af02025974
4.78425,5.610000000000001,6.5145,7.1165,8.583750000000002,8.966666666666667,6.128500000000001,7.9515,6.6129999999999995,3.3905000000000003,6.5225,5.497,4.062,"Raleigh, NC",451066.0,5dc9f97b2a65b6af02025978
3.668785367165318,5.119798290595382,6.291308569145891,6.398077719317952,7.799888566195639,8.30172507074404,5.657165309612769,7.501746553625646,6.25013733323801,2.6628785174805927,6.304838483114612,4.726393779174187,3.2470850258711845,"West Raleigh, NC",338759.0,5dc9f97b2a65b6af02025979
3.6084628520571327,4.461306305068636,5.609506546157787,6.4129164615193535,7.7933041357399215,8.439163433538232,5.101894899130835,7.1395447305998125,5.833306553967901,3.041155341831739,6.0275312964625165,4.813981389188286,3.243134524303466,"Durham, NC",257636.0,5dc9f97b2a65b6af0202597a
4.191935594311823,4.4213571975233865,5.397634948480913,6.0892063416014635,8.132598550947648,8.290982046198138,5.722216286433796,7.405731153291668,5.560017311244027,2.25078576411659,5.952822505058265,4.428354238779899,3.651256809286516,"Cary, NC",159769.0,5dc9f97b2a65b6af0202597b
5.648499999999999,5.949,6.5145,3.6245,6.6217500000000005,8.855333333333332,6.439500000000002,7.645499999999999,6.3385,1.0350000000000001,3.3765,4.2705,4.204,"Richmond, VA",220289.0,5dc9f97b2a65b6af02025982
1.90775,5.4879999999999995,6.5145,4.494999999999999,5.93525,8.585666666666667,6.727,5.551,5.335,4.404,5.899,4.3355,3.9205,"Rochester, NY",209802.0,5dc9f97b2a65b6af02025997
4.573999999999999,6.172000000000001,6.5145,4.2805,6.21575,8.818666666666665,6.141000000000001,6.810500000000001,5.932,6.641000000000002,5.657,6.3,4.204,"Salt Lake City, UT",192672.0,5dc9f97b2a65b6af0202599f
3.4473052666768007,5.008825269732374,5.93334816235248,3.497466502275542,5.763421021011864,8.452276561813013,5.4151544787074055,6.048057727080636,5.157939528409882,6.390022603161993,5.389289700568396,5.506507634960163,3.052412869726073,"West Valley City, UT",136208.0,5dc9f97b2a65b6af020259a0
3.9366209056311403,5.84522317480723,5.795792687922876,3.1276256781315555,5.894094324517477,8.398460826484335,5.158318297628595,6.30343769345526,5.022512561204734,6.338109571670161,4.818071563271825,5.5762443395417005,3.619449675288525,"West Jordan, UT",111946.0,5dc9f97b2a65b6af020259a1
4.9647499999999996,6.683,6.5145,4.151999999999999,6.201499999999999,8.633333333333333,6.402000000000001,8.0745,6.6955,3.4185000000000003,4.2165,5.356,4.772,"San Antonio, TX",1469845.0,5dc9f97b2a65b6af020259c2
4.40975,5.156000000000001,6.5145,5.4575,7.26725,8.767666666666665,2.9335,5.999,8.21,6.396000000000002,6.933,8.3505,4.488,"San Diego, CA",1394928.0,5dc9f97b2a65b6af020259ea
4.687250000000001,2.618,6.5145,8.6245,6.4815000000000005,8.748,1.0,5.605500000000001,9.407,7.014,5.7155000000000005,10.0,4.488,"San Jose, CA",1026908.0,5dc9f97b2a65b6af020259eb
3.6536214572055585,2.4022127898620815,5.87700595983709,7.942587263473287,5.6414554395817955,8.073987989162312,0.3143853198607416,4.460068763826847,8.263713661111353,6.0499328619345825,4.6297560636083634,9.791488995301222,4.05341916470992,"San Francisco, CA",864816.0,5dc9f97b2a65b6af020259ec
4.46382144463148,2.295355424370297,5.645652868326496,7.813050480483324,5.63930886697145,8.293547555557947,0.21746908082403404,4.530345396232548,8.9126678197088,6.521881237596605,4.749456079324392,9.782442345735065,4.1192671908450365,"Sacramento, CA",490712.0,5dc9f97b2a65b6af020259ed
3.6120122967219714,2.2797049381762706,5.791961550125117,7.589777860156219,5.425904499023786,7.673828655210453,0.2866877127643941,5.242005879234115,8.654754265693972,6.526684142663204,4.5187055099191955,9.040739867102122,3.5893419712470376,"Oakland, CA",419267.0,5dc9f97b2a65b6af020259ee
3.7963897164402476,1.701586765899851,5.733339804605181,7.826235896889036,5.321794886300498,7.763479424177546,0.5204157775382408,5.306095726756976,8.855958649480547,6.308980184710468,5.382079155314734,9.557379765737714,4.079296728729126,"Stockton, CA",305658.0,5dc9f97b2a65b6af020259ef
4.316642132914406,2.0393100576216776,5.629719946010992,8.31297183249175,6.0556338628515745,8.415779848972832,0.44241326207032694,5.2328443929201605,8.787206058205452,6.365627968086028,4.796362221068218,9.49569660020225,3.301233709491585,"Fremont, CA",232206.0,5dc9f97b2a65b6af020259f0
3.7800325727716357,1.8458126961922523,5.9286962373819865,7.534381410386393,5.596189687322617,7.8158652127182675,0.03199902922761,4.806007510957789,8.569244144917313,6.255014524382078,5.446997243688085,9.492561030148378,3.3039934755228826,"Santa Rosa, CA",174972.0,5dc9f97b2a65b6af020259f1
4.209087596630407,1.7677725395071757,6.047549771238665,8.142404765678462,6.029900367837378,8.440149171862913,0.3499873166762877,5.151693413945578,8.91950057184251,6.13443002301676,5.139322632742047,8.900554365245696,4.157357535127518,"Elk Grove, CA",166913.0,5dc9f97b2a65b6af020259f2
3.7395847853070245,1.8295372005549506,5.466272967901618,8.234528348196752,5.949404496239769,8.463975275579106,0.3500601614191978,5.324891126138985,8.322221622512146,6.039647858772738,4.555320012525251,8.952467239303019,3.7891207345383036,"Hayward, CA",158289.0,5dc9f97b2a65b6af020259f3
4.424004674043754,2.2960898118600275,5.648306055352058,8.221138921841185,5.532687263641462,8.299304210846573,0.3015556589260979,4.607127048455067,9.15537481489158,6.748668470617477,4.917626468953163,9.248912001935366,3.9160575907066884,"Sunnyvale, CA",151754.0,5dc9f97b2a65b6af020259f4
3.520147154715484,1.92756459625958,5.6534787442994165,7.746391992295087,5.92821238822669,8.407240940078154,0.4703243507231176,5.30164235734996,8.49448708446404,5.974443514032405,4.872878269936032,9.533028233595365,3.3111346805368926,"Concord, CA",128667.0,5dc9f97b2a65b6af020259f5
4.241189463551408,1.452461141993527,6.081600853496819,8.067855402315088,5.506138050178147,8.128655260525761,0.21169144380450367,4.848456872543605,8.690809957544353,6.044658442993185,4.826832515289026,9.193391574337081,4.251014644980211,"Santa Clara, CA",126215.0,5dc9f97b2a65b6af020259f6
4.048788023835152,1.8136153231817356,5.616564932632198,8.126589518320195,5.59871015089939,7.922804654073846,0.2404041719247434,5.010106028830206,8.57638843569869,6.455292548412324,5.310179454972991,9.19409116674531,4.130721674922207,"Vallejo, CA",121253.0,5dc9f97b2a65b6af020259f7
4.091367476683363,1.7174441784377419,6.169104917490006,7.529165953963435,5.50917063327327,7.680979903013818,0.7886602114694836,4.423119110328862,8.804329330937206,6.423977104039048,5.283700323748389,9.723230607261314,3.579721512531072,"Berkeley, CA",120972.0,5dc9f97b2a65b6af020259f8
4.329138142678555,2.0050904320353724,5.438896440932821,7.628556798418934,6.208037427038689,8.528242190969868,0.413076896330802,5.339417973660132,8.59784373496385,6.317037351120739,5.22425394106366,9.357271757982772,3.3804016302491386,"Fairfield, CA",112970.0,5dc9f97b2a65b6af020259f9
4.095256818170231,1.883611857131947,6.088251531888086,8.347412997476765,6.215095357686674,7.76784085545998,0.7485590308706225,4.913738179860493,8.558095651223201,6.346814975080012,5.12309770540825,8.8396398168408,3.684497252370482,"Antioch, CA",110542.0,5dc9f97b2a65b6af020259fa
4.087601968146068,1.8489304656969965,6.214043081917111,8.288122763174487,5.53551968425175,7.68963730444965,0.6964940897857987,4.440548393904642,8.408393089887142,6.196567472137327,5.113829434448957,9.367532525738522,3.7226424351017267,"Richmond, CA",109708.0,5dc9f97b2a65b6af020259fb
4.4555729312959365,1.821943641903561,5.985695524703827,7.615448730315743,5.836312812678881,7.616891627907733,0.4743044958635716,4.4996257770032635,8.58474851061247,6.257243943215914,5.37980605099594,9.172107161276216,3.481355331460854,"Daly City, CA",106562.0,5dc9f97b2a65b6af020259fc
4.208823021008395,2.1376198106641042,6.037692878131904,8.3342101075211,6.1380031290923265,7.819007788472047,0.794631984561504,4.935041448505424,8.799091978372875,6.446672939036512,5.220916236023785,9.01195081829204,4.036362574811856,"San Mateo, CA",103536.0,5dc9f97b2a65b6af020259fd
4.187709378025791,1.988334122980079,5.368134609219577,8.387051966738621,5.4574871993343095,8.485031996221952,-0.04616106369212947,5.171703182587791,8.901976557445131,5.952941595156903,5.053349159995941,8.81156311484202,4.008142043405296,"Chinatown, CA",100574.0,5dc9f97b2a65b6af020259fe
3.919892512850199,1.733365700421898,5.937506071394075,8.362996775437818,5.594757461352945,8.043367049943328,0.7579044818183494,4.419674528535353,8.98288136905461,5.906005275463545,4.999985314612209,9.516349962482868,3.298950192499032,"Vacaville, CA",96803.0,5dc9f97b2a65b6af020259ff
4.523750000000001,3.79,6.5145,5.7145,7.560250000000001,8.724333333333332,2.291,4.940499999999999,8.1155,7.2094999999999985,5.6365,8.367,4.772,"Seattle, WA",684451.0,5dc9f97b2a65b6af02025afc
3.816198724495165,2.8518772699901587,6.2652500801010085,4.8867330971516125,6.599495611483315,8.061886304197156,1.3007001730112142,4.664925825445567,7.506339085031857,6.236294195350274,4.8559254379846895,7.733133071933235,3.9082072070766682,"Tacoma, WA",207948.0,5dc9f97b2a65b6af02025afd
4.046561937962196,2.8019185610132102,5.472861696972098,5.078929223986267,7.044935005744501,7.989897834516829,1.4696247249973955,4.412956898394111,6.984900887337627,6.747609838502302,4.593591321416265,7.894490091394666,3.957514677237721,"Bellevue, WA",139820.0,5dc9f97b2a65b6af02025afe
3.6926095115112414,2.972509864955014,5.941457285715943,4.6335943606988055,6.891097929275666,8.17782354991429,1.4176235899434595,4.493351926887416,7.56529292611469,6.202519360091975,5.369478703843587,7.41715238302851,4.384467221160302,"Kent, WA",126952.0,5dc9f97b2a65b6af02025aff
3.6786240009855966,3.5111874941287353,5.387376161660117,5.274781768817416,6.666883475835315,8.444542924916657,1.3874067391879976,4.635781290353124,6.916241384569256,6.991549305480095,4.668742794668294,8.104677742993811,3.6348283471886216,"Everett, WA",108010.0,5dc9f97b2a65b6af02025b00
4.224959345064554,3.020830489142035,5.730365201244657,5.0604589553102945,6.423317437974549,8.49667490690843,1.2223093141287704,4.627854683690912,7.611550486295671,6.367096065803979,4.53334393855174,7.3785447141027145,3.8731357869630747,"Renton, WA",100242.0,5dc9f97b2a65b6af02025b01
3.5676681194101603,2.620896289133168,5.696854831644198,5.231783000470874,7.337131154866625,7.627623423402081,1.6137066341413069,3.851171153724998,7.5387463680221245,6.760545243498215,5.212179254914912,8.052638971826338,4.0665331302362215,"Federal Way, WA",95171.0,5dc9f97b2a65b6af02025b02
5.085500000000001,5.504,6.5145,5.2715,7.37425,8.877333333333333,6.958,8.909,7.642500000000001,4.8285,3.8805000000000005,5.424000000000001,4.062,"St. Louis, MO",315685.0,5dc9f97b2a65b6af02025bb4
1.40075,5.253,6.5145,4.2805,7.37875,8.781666666666666,5.696,7.195,6.433999999999999,5.497,4.706499999999999,6.3469999999999995,4.772,"Tampa, FL",369075.0,5dc9f97b2a65b6af02025c63
0.9492002714443808,4.063002135401562,5.5860936238433165,3.296025015551106,6.902561695239744,7.66204944836161,5.390622641487557,6.828522164385664,5.5667754885074805,4.3938725388166215,4.183003134808689,6.091434177577618,4.523068779954384,"St. Petersburg, FL",257083.0,5dc9f97b2a65b6af02025c64
0.6183727249047843,4.433458270422998,6.070622574999286,3.8573405876045994,6.297546921122474,7.961695545646303,4.783813218646661,6.991838299115471,5.727046259949908,5.286912478142249,4.316823284381905,5.910675010906974,4.438963235528056,"Clearwater, FL",113003.0,5dc9f97b2a65b6af02025c65
0.39517122021769024,4.7269949997318355,6.175125400357535,3.362135906009547,6.634804351017403,8.103764108595449,5.337222849636312,6.392587088408903,5.626309637695538,5.097634289894586,3.6311010488286506,5.563772596746041,3.6559670496532686,"Lakeland, FL",104401.0,5dc9f97b2a65b6af02025c66
0.34964619701923283,5.0097862772982715,5.5789857846613815,3.148663973415064,7.175498496918544,8.527966225118472,4.974604045089641,6.132144908855125,6.098069241958059,4.9128955530792835,4.469365072467541,5.918102154767525,4.379266985730034,"Brandon, FL",103483.0,5dc9f97b2a65b6af02025c67
0.9965516060678854,4.708827849217997,5.973421258956417,3.6635551412097334,6.241212244326189,8.455667893297901,4.998342831688344,6.689295520906699,6.198330073344667,4.69481392177307,4.3867209023143285,5.36358285098651,4.084564412763267,"Spring Hill, FL",98621.0,5dc9f97b2a65b6af02025c68
4.457000000000001,3.5949999999999993,6.5145,5.968500000000001,6.9937499999999995,8.490666666666666,1.2105000000000001,3.825500000000001,10.0,5.023499999999999,2.1915,8.774000000000001,4.062,"Washington, D.C., Washington, D.C., United States",601723.0,5dc9f97b2a65b6af02025d10
3.557945551954116,2.444609150569474,5.633352677860685,5.386483262116556,6.032565237214266,8.015390145030258,0.859041249829209,2.874214337097123,8.938203215189642,4.796831352995147,1.4066059502742867,7.597766583052259,3.7935059085991205,"Arlington, VA",207627.0,5dc9f97b2a65b6af02025d11
4.213182270373618,2.9226954620148122,5.410876540042186,5.252256098629983,6.064994120174785,8.027836172192542,0.43929478706432534,3.029404040214358,9.310344733797464,4.608621007564818,1.7119433657064056,8.507927569004044,3.6422401131054634,"Alexandria, VA",153511.0,5dc9f97b2a65b6af02025d12
